{
  "project_info": {
    "project_number": "478031683732",
    "project_id": "myfirebaseapplamyaalhyane",
    "storage_bucket": "myfirebaseapplamyaalhyane.appspot.com"
  },
  "client": [
    {
      "client_info": {
        "mobilesdk_app_id": "1:478031683732:android:94b873c01650a6009cd481",
        "android_client_info": {
          "package_name": "com.example.myfirebaseapp_lamyaalahyane"
        }
      },
      "oauth_client": [
        {
          "client_id": "478031683732-lmcd21uhadg0bbcqalcpofc8sg0s9kef.apps.googleusercontent.com",
          "client_type": 3
        }
      ],
      "api_key": [
        {
          "current_key": "AIzaSyBypQJJafQjbIT5_5gf-g3vhWSsxx4TJ6c"
        }
      ],
      "services": {
        "appinvite_service": {
          "other_platform_oauth_client": [
            {
              "client_id": "478031683732-lmcd21uhadg0bbcqalcpofc8sg0s9kef.apps.googleusercontent.com",
              "client_type": 3
            }
          ]
        }
      }
    }
  ],
  "configuration_version": "1"
}